id,title,description,link,image_link,price,availability,condition,brand,item_group_id,product_type,google_product_category,mpn,identifier_exists
ERX-SHP-01QT-EA,Sharps Mail-Back Kit · 1 Quart,"Prepaid sharps mail-back kit — FDA-cleared containers for needles, syringes, lancets & pen needles. Prepaid both ways, Certificate of Destruction, no contract.",https://easyrxcycle.com/shop/sharps-mail-back-kit,https://easyrxcycle.com/images/products/sharps.webp,55.00 USD,in_stock,new,Easy Rx Cycle,sharps,Sharps Mail-Back Kit,Business & Industrial > Medical > Medical Waste Disposal,ERX-SHP-01QT-EA,no
ERX-SHP-125G-EA,Sharps Mail-Back Kit · 1.25 Gallon,"Prepaid sharps mail-back kit — FDA-cleared containers for needles, syringes, lancets & pen needles. Prepaid both ways, Certificate of Destruction, no contract.",https://easyrxcycle.com/shop/sharps-mail-back-kit,https://easyrxcycle.com/images/products/sharps.webp,95.00 USD,in_stock,new,Easy Rx Cycle,sharps,Sharps Mail-Back Kit,Business & Industrial > Medical > Medical Waste Disposal,ERX-SHP-125G-EA,no
ERX-SHP-02G-EA,Sharps Mail-Back Kit · 2 Gallon,"Prepaid sharps mail-back kit — FDA-cleared containers for needles, syringes, lancets & pen needles. Prepaid both ways, Certificate of Destruction, no contract.",https://easyrxcycle.com/shop/sharps-mail-back-kit,https://easyrxcycle.com/images/products/sharps.webp,75.00 USD,in_stock,new,Easy Rx Cycle,sharps,Sharps Mail-Back Kit,Business & Industrial > Medical > Medical Waste Disposal,ERX-SHP-02G-EA,no
ERX-SHP-09G-EA,Sharps Mail-Back Kit · 9 Gallon,"Prepaid sharps mail-back kit — FDA-cleared containers for needles, syringes, lancets & pen needles. Prepaid both ways, Certificate of Destruction, no contract.",https://easyrxcycle.com/shop/sharps-mail-back-kit,https://easyrxcycle.com/images/products/sharps.webp,255.00 USD,in_stock,new,Easy Rx Cycle,sharps,Sharps Mail-Back Kit,Business & Industrial > Medical > Medical Waste Disposal,ERX-SHP-09G-EA,no
ERX-SHP-18G-EA,Sharps Mail-Back Kit · 18 Gallon,"Prepaid sharps mail-back kit — FDA-cleared containers for needles, syringes, lancets & pen needles. Prepaid both ways, Certificate of Destruction, no contract.",https://easyrxcycle.com/shop/sharps-mail-back-kit,https://easyrxcycle.com/images/products/sharps.webp,285.00 USD,in_stock,new,Easy Rx Cycle,sharps,Sharps Mail-Back Kit,Business & Industrial > Medical > Medical Waste Disposal,ERX-SHP-18G-EA,no
ERX-SHP-28G-EA,Sharps Mail-Back Kit · 28 Gallon,"Prepaid sharps mail-back kit — FDA-cleared containers for needles, syringes, lancets & pen needles. Prepaid both ways, Certificate of Destruction, no contract.",https://easyrxcycle.com/shop/sharps-mail-back-kit,https://easyrxcycle.com/images/products/sharps.webp,405.00 USD,in_stock,new,Easy Rx Cycle,sharps,Sharps Mail-Back Kit,Business & Industrial > Medical > Medical Waste Disposal,ERX-SHP-28G-EA,no
ERX-BIO-02G-EA,Biohazard Mail-Back Kit · 2 Gallon,"Biohazard (RMW) mail-back kit for red-bag regulated medical waste — gauze, gloves, cultures & contaminated PPE. Prepaid both ways, destroyed compliantly, Certificate of Destruction.",https://easyrxcycle.com/shop/biohazard-mail-back-kit,https://easyrxcycle.com/images/products/biohazard.webp,75.00 USD,in_stock,new,Easy Rx Cycle,biohazard,Biohazard Mail-Back Kit,Business & Industrial > Medical > Medical Waste Disposal,ERX-BIO-02G-EA,no
ERX-BIO-08G-EA,Biohazard Mail-Back Kit · 8 Gallon,"Biohazard (RMW) mail-back kit for red-bag regulated medical waste — gauze, gloves, cultures & contaminated PPE. Prepaid both ways, destroyed compliantly, Certificate of Destruction.",https://easyrxcycle.com/shop/biohazard-mail-back-kit,https://easyrxcycle.com/images/products/biohazard.webp,240.00 USD,in_stock,new,Easy Rx Cycle,biohazard,Biohazard Mail-Back Kit,Business & Industrial > Medical > Medical Waste Disposal,ERX-BIO-08G-EA,no
ERX-BIO-18G-EA,Biohazard Mail-Back Kit · 18 Gallon,"Biohazard (RMW) mail-back kit for red-bag regulated medical waste — gauze, gloves, cultures & contaminated PPE. Prepaid both ways, destroyed compliantly, Certificate of Destruction.",https://easyrxcycle.com/shop/biohazard-mail-back-kit,https://easyrxcycle.com/images/products/biohazard.webp,285.00 USD,in_stock,new,Easy Rx Cycle,biohazard,Biohazard Mail-Back Kit,Business & Industrial > Medical > Medical Waste Disposal,ERX-BIO-18G-EA,no
ERX-BIO-28G-EA,Biohazard Mail-Back Kit · 28 Gallon,"Biohazard (RMW) mail-back kit for red-bag regulated medical waste — gauze, gloves, cultures & contaminated PPE. Prepaid both ways, destroyed compliantly, Certificate of Destruction.",https://easyrxcycle.com/shop/biohazard-mail-back-kit,https://easyrxcycle.com/images/products/biohazard.webp,405.00 USD,in_stock,new,Easy Rx Cycle,biohazard,Biohazard Mail-Back Kit,Business & Industrial > Medical > Medical Waste Disposal,ERX-BIO-28G-EA,no
ERX-PHW-02G-EA,Pharmaceutical Waste Mail-Back Kit · 2 Gallon,"Pharmaceutical waste mail-back kit for non-hazardous expired and unused medications. Prepaid both ways, DEA & EPA-compliant destruction, Certificate of Destruction.",https://easyrxcycle.com/shop/pharmaceutical-waste-mail-back-kit,https://easyrxcycle.com/images/products/pharmaceutical.webp,100.00 USD,in_stock,new,Easy Rx Cycle,pharma,Pharmaceutical Waste Mail-Back Kit,Business & Industrial > Medical > Medical Waste Disposal,ERX-PHW-02G-EA,no
ERX-PHW-08G-EA,Pharmaceutical Waste Mail-Back Kit · 8 Gallon,"Pharmaceutical waste mail-back kit for non-hazardous expired and unused medications. Prepaid both ways, DEA & EPA-compliant destruction, Certificate of Destruction.",https://easyrxcycle.com/shop/pharmaceutical-waste-mail-back-kit,https://easyrxcycle.com/images/products/pharmaceutical.webp,200.00 USD,in_stock,new,Easy Rx Cycle,pharma,Pharmaceutical Waste Mail-Back Kit,Business & Industrial > Medical > Medical Waste Disposal,ERX-PHW-08G-EA,no
ERX-PHW-18G-EA,Pharmaceutical Waste Mail-Back Kit · 18 Gallon,"Pharmaceutical waste mail-back kit for non-hazardous expired and unused medications. Prepaid both ways, DEA & EPA-compliant destruction, Certificate of Destruction.",https://easyrxcycle.com/shop/pharmaceutical-waste-mail-back-kit,https://easyrxcycle.com/images/products/pharmaceutical.webp,285.00 USD,in_stock,new,Easy Rx Cycle,pharma,Pharmaceutical Waste Mail-Back Kit,Business & Industrial > Medical > Medical Waste Disposal,ERX-PHW-18G-EA,no
ERX-MED-005G-EA,Medication Disposal Kit (Mail-Back) · 0.5 Gallon,"Medication mail-back kit — ship expired and unused medications back for DEA-compliant, non-retrievable destruction. Prepaid both ways, Certificate of Destruction.",https://easyrxcycle.com/shop/medication-mail-back-kit,https://easyrxcycle.com/images/products/medication-disposal.webp,95.00 USD,in_stock,new,Easy Rx Cycle,medication,Medication Disposal Kit (Mail-Back),Business & Industrial > Medical > Medical Waste Disposal,ERX-MED-005G-EA,no
ERX-MED-125G-EA,Medication Disposal Kit (Mail-Back) · 1.25 Gallon,"Medication mail-back kit — ship expired and unused medications back for DEA-compliant, non-retrievable destruction. Prepaid both ways, Certificate of Destruction.",https://easyrxcycle.com/shop/medication-mail-back-kit,https://easyrxcycle.com/images/products/medication-disposal.webp,120.00 USD,in_stock,new,Easy Rx Cycle,medication,Medication Disposal Kit (Mail-Back),Business & Industrial > Medical > Medical Waste Disposal,ERX-MED-125G-EA,no
ERX-MED-025G-EA,Medication Disposal Kit (Mail-Back) · 2.5 Gallon,"Medication mail-back kit — ship expired and unused medications back for DEA-compliant, non-retrievable destruction. Prepaid both ways, Certificate of Destruction.",https://easyrxcycle.com/shop/medication-mail-back-kit,https://easyrxcycle.com/images/products/medication-disposal.webp,175.00 USD,in_stock,new,Easy Rx Cycle,medication,Medication Disposal Kit (Mail-Back),Business & Industrial > Medical > Medical Waste Disposal,ERX-MED-025G-EA,no
ERX-MED-05G-EA,Medication Disposal Kit (Mail-Back) · 5 Gallon,"Medication mail-back kit — ship expired and unused medications back for DEA-compliant, non-retrievable destruction. Prepaid both ways, Certificate of Destruction.",https://easyrxcycle.com/shop/medication-mail-back-kit,https://easyrxcycle.com/images/products/medication-disposal.webp,300.00 USD,in_stock,new,Easy Rx Cycle,medication,Medication Disposal Kit (Mail-Back),Business & Industrial > Medical > Medical Waste Disposal,ERX-MED-05G-EA,no
ERX-MED-15G-EA,Medication Disposal Kit (Mail-Back) · 15 Gallon,"Medication mail-back kit — ship expired and unused medications back for DEA-compliant, non-retrievable destruction. Prepaid both ways, Certificate of Destruction.",https://easyrxcycle.com/shop/medication-mail-back-kit,https://easyrxcycle.com/images/products/medication-disposal.webp,700.00 USD,in_stock,new,Easy Rx Cycle,medication,Medication Disposal Kit (Mail-Back),Business & Industrial > Medical > Medical Waste Disposal,ERX-MED-15G-EA,no
ERX-MED-005G-OS-EA,Medication Disposal Kit (On-Site) · 0.5 Gallon,"On-site medication disposal kit — deactivate and render medications non-retrievable at your location, no return shipping needed. DEA-compliant, five sizes.",https://easyrxcycle.com/shop/on-site-medication-disposal-kit,https://easyrxcycle.com/images/products/medication-disposal.webp,40.00 USD,in_stock,new,Easy Rx Cycle,medication-onsite,Medication Disposal Kit (On-Site),Business & Industrial > Medical > Medical Waste Disposal,ERX-MED-005G-OS-EA,no
ERX-MED-125G-OS-EA,Medication Disposal Kit (On-Site) · 1.25 Gallon,"On-site medication disposal kit — deactivate and render medications non-retrievable at your location, no return shipping needed. DEA-compliant, five sizes.",https://easyrxcycle.com/shop/on-site-medication-disposal-kit,https://easyrxcycle.com/images/products/medication-disposal.webp,45.00 USD,in_stock,new,Easy Rx Cycle,medication-onsite,Medication Disposal Kit (On-Site),Business & Industrial > Medical > Medical Waste Disposal,ERX-MED-125G-OS-EA,no
ERX-MED-025G-OS-EA,Medication Disposal Kit (On-Site) · 2.5 Gallon,"On-site medication disposal kit — deactivate and render medications non-retrievable at your location, no return shipping needed. DEA-compliant, five sizes.",https://easyrxcycle.com/shop/on-site-medication-disposal-kit,https://easyrxcycle.com/images/products/medication-disposal.webp,65.00 USD,in_stock,new,Easy Rx Cycle,medication-onsite,Medication Disposal Kit (On-Site),Business & Industrial > Medical > Medical Waste Disposal,ERX-MED-025G-OS-EA,no
ERX-MED-05G-OS-EA,Medication Disposal Kit (On-Site) · 5 Gallon,"On-site medication disposal kit — deactivate and render medications non-retrievable at your location, no return shipping needed. DEA-compliant, five sizes.",https://easyrxcycle.com/shop/on-site-medication-disposal-kit,https://easyrxcycle.com/images/products/medication-disposal.webp,125.00 USD,in_stock,new,Easy Rx Cycle,medication-onsite,Medication Disposal Kit (On-Site),Business & Industrial > Medical > Medical Waste Disposal,ERX-MED-05G-OS-EA,no
ERX-MED-15G-OS-EA,Medication Disposal Kit (On-Site) · 15 Gallon,"On-site medication disposal kit — deactivate and render medications non-retrievable at your location, no return shipping needed. DEA-compliant, five sizes.",https://easyrxcycle.com/shop/on-site-medication-disposal-kit,https://easyrxcycle.com/images/products/medication-disposal.webp,350.00 USD,in_stock,new,Easy Rx Cycle,medication-onsite,Medication Disposal Kit (On-Site),Business & Industrial > Medical > Medical Waste Disposal,ERX-MED-15G-OS-EA,no
ERX-CTL-C05-EA,Controlled Substance Mail-Back Kit · 5 items / 5 lbs,"Controlled substance mail-back kit — DEA-compliant destruction of Schedules I–V, sized by weight from 5 to 100 lbs. Non-retrievable destruction, Certificate of Destruction, no contract.",https://easyrxcycle.com/shop/controlled-substance-mail-back-kit,https://easyrxcycle.com/images/products/controlled.webp,499.00 USD,in_stock,new,Easy Rx Cycle,controlled,Controlled Substance Mail-Back Kit,Business & Industrial > Medical > Medical Waste Disposal,ERX-CTL-C05-EA,no
ERX-CTL-C10-EA,Controlled Substance Mail-Back Kit · 20 items / 10 lbs,"Controlled substance mail-back kit — DEA-compliant destruction of Schedules I–V, sized by weight from 5 to 100 lbs. Non-retrievable destruction, Certificate of Destruction, no contract.",https://easyrxcycle.com/shop/controlled-substance-mail-back-kit,https://easyrxcycle.com/images/products/controlled.webp,599.00 USD,in_stock,new,Easy Rx Cycle,controlled,Controlled Substance Mail-Back Kit,Business & Industrial > Medical > Medical Waste Disposal,ERX-CTL-C10-EA,no
ERX-CTL-C20-EA,Controlled Substance Mail-Back Kit · 50 items / 20 lbs,"Controlled substance mail-back kit — DEA-compliant destruction of Schedules I–V, sized by weight from 5 to 100 lbs. Non-retrievable destruction, Certificate of Destruction, no contract.",https://easyrxcycle.com/shop/controlled-substance-mail-back-kit,https://easyrxcycle.com/images/products/controlled.webp,1199.00 USD,in_stock,new,Easy Rx Cycle,controlled,Controlled Substance Mail-Back Kit,Business & Industrial > Medical > Medical Waste Disposal,ERX-CTL-C20-EA,no
ERX-CTL-C100-EA,Controlled Substance Mail-Back Kit · 50 items up to 100 lbs,"Controlled substance mail-back kit — DEA-compliant destruction of Schedules I–V, sized by weight from 5 to 100 lbs. Non-retrievable destruction, Certificate of Destruction, no contract.",https://easyrxcycle.com/shop/controlled-substance-mail-back-kit,https://easyrxcycle.com/images/products/controlled.webp,1999.00 USD,in_stock,new,Easy Rx Cycle,controlled,Controlled Substance Mail-Back Kit,Business & Industrial > Medical > Medical Waste Disposal,ERX-CTL-C100-EA,no
ERX-CHM-02G-EA,Trace Chemo Mail-Back Kit · 2 Gallon,"Trace chemotherapy mail-back kit — RCRA-empty/trace chemo waste per USP 800: vials, tubing, gowns & gloves. Prepaid both ways, incinerated and documented. No contract.",https://easyrxcycle.com/shop/trace-chemo-mail-back-kit,https://easyrxcycle.com/images/products/trace-chemo.webp,105.00 USD,in_stock,new,Easy Rx Cycle,chemo,Trace Chemo Mail-Back Kit,Business & Industrial > Medical > Medical Waste Disposal,ERX-CHM-02G-EA,no
ERX-CHM-08G-EA,Trace Chemo Mail-Back Kit · 8 Gallon,"Trace chemotherapy mail-back kit — RCRA-empty/trace chemo waste per USP 800: vials, tubing, gowns & gloves. Prepaid both ways, incinerated and documented. No contract.",https://easyrxcycle.com/shop/trace-chemo-mail-back-kit,https://easyrxcycle.com/images/products/trace-chemo.webp,265.00 USD,in_stock,new,Easy Rx Cycle,chemo,Trace Chemo Mail-Back Kit,Business & Industrial > Medical > Medical Waste Disposal,ERX-CHM-08G-EA,no
ERX-CHM-18G-EA,Trace Chemo Mail-Back Kit · 18 Gallon,"Trace chemotherapy mail-back kit — RCRA-empty/trace chemo waste per USP 800: vials, tubing, gowns & gloves. Prepaid both ways, incinerated and documented. No contract.",https://easyrxcycle.com/shop/trace-chemo-mail-back-kit,https://easyrxcycle.com/images/products/trace-chemo.webp,310.00 USD,in_stock,new,Easy Rx Cycle,chemo,Trace Chemo Mail-Back Kit,Business & Industrial > Medical > Medical Waste Disposal,ERX-CHM-18G-EA,no
ERX-CHM-28G-EA,Trace Chemo Mail-Back Kit · 28 Gallon,"Trace chemotherapy mail-back kit — RCRA-empty/trace chemo waste per USP 800: vials, tubing, gowns & gloves. Prepaid both ways, incinerated and documented. No contract.",https://easyrxcycle.com/shop/trace-chemo-mail-back-kit,https://easyrxcycle.com/images/products/trace-chemo.webp,445.00 USD,in_stock,new,Easy Rx Cycle,chemo,Trace Chemo Mail-Back Kit,Business & Industrial > Medical > Medical Waste Disposal,ERX-CHM-28G-EA,no
ERX-HAZ-02G-EA,Hazardous (RCRA) Mail-Back Kit · 2 Gallon,"RCRA-hazardous pharmaceutical waste mail-back kit — P-listed, U-listed & characteristic hazardous drugs, destroyed to EPA rules. Prepaid both ways, Certificate of Destruction, no contract.",https://easyrxcycle.com/shop/rcra-hazardous-mail-back-kit,https://easyrxcycle.com/images/products/rcra.webp,145.00 USD,in_stock,new,Easy Rx Cycle,hazardous,Hazardous (RCRA) Mail-Back Kit,Business & Industrial > Medical > Medical Waste Disposal,ERX-HAZ-02G-EA,no
ERX-HAZ-08G-EA,Hazardous (RCRA) Mail-Back Kit · 8 Gallon,"RCRA-hazardous pharmaceutical waste mail-back kit — P-listed, U-listed & characteristic hazardous drugs, destroyed to EPA rules. Prepaid both ways, Certificate of Destruction, no contract.",https://easyrxcycle.com/shop/rcra-hazardous-mail-back-kit,https://easyrxcycle.com/images/products/rcra.webp,350.00 USD,in_stock,new,Easy Rx Cycle,hazardous,Hazardous (RCRA) Mail-Back Kit,Business & Industrial > Medical > Medical Waste Disposal,ERX-HAZ-08G-EA,no
ERX-HAZ-18G-EA,Hazardous (RCRA) Mail-Back Kit · 18 Gallon,"RCRA-hazardous pharmaceutical waste mail-back kit — P-listed, U-listed & characteristic hazardous drugs, destroyed to EPA rules. Prepaid both ways, Certificate of Destruction, no contract.",https://easyrxcycle.com/shop/rcra-hazardous-mail-back-kit,https://easyrxcycle.com/images/products/rcra.webp,475.00 USD,in_stock,new,Easy Rx Cycle,hazardous,Hazardous (RCRA) Mail-Back Kit,Business & Industrial > Medical > Medical Waste Disposal,ERX-HAZ-18G-EA,no
